Country Name,Country Code,Year,Agriculture (% GDP),Ease of Doing Business,Education Expenditure (% GDP),Export (% GDP),GDP,Health Expenditure (% GDP),Import (% GDP),Industry (% GDP),Inflation Rate,R&D,Service (% GDP),Unemployment,Population,Land,Continent Name,Export,Import,Education Expenditure,Health Expenditure,Net Trade,GDP Per Capita,Population Density,Cluster
Afghanistan,AFG,2022,27.5011266516953,40.717968,13.670101109673002,47.702334951628586,14151970480.742847,10.902579734499998,54.15520118836773,20.49490897600068,6.124619936291188,12363575558.824837,48.30275327709021,8.804142857142857,41128771.0,652860.0,Asia,154086630779.6377,151001996134.0112,1934588673.728624,1542929865.6658916,3084634645.6265173,344.0893111234189,62.99784180375578,1
Albania,ALB,2022,18.6280324517934,64.76365999999999,11.672968462893827,37.4634354302553,18882095517.8768,6.093392245789474,47.8418782928407,21.4332510450146,6.72520271530062,22818067.85003237,47.292615040548,11.808,2775634.0,28750.0,Europe,7073881662.218906,9033549156.800549,2204101054.935248,1150560144.128867,-1959667494.5816424,6802.804518851117,96.54379130434782,9
Algeria,DZA,2022,11.384083968233,46.736176,15.3546171188354,31.6769143599338,191912889420.911,5.0354502100000005,22.4390739564795,42.2974337654054,9.26551551551551,497962769.7050473,42.2015510546421,11.55,44903225.0,2381740.285714286,Africa,60792081627.53644,43063475189.17495,29467489372.274853,9663677993.362331,17728606438.36149,4273.922183115155,18.85311562697672,3
American Samoa,ASM,2022,10.029778261034568,61.26969371428571,14.267345616902563,76.96916670507673,601100000.0,6.191188366634045,106.0417150795412,26.314817370570445,11.184434281508253,1916892.8763121369,55.44930151833184,7.458547595773403,44273.0,200.0,Oceania,462661661.06421626,637416749.3431221,66009276596.85556,46703212159.75045,-174755088.27890587,13577.123754884467,221.365,9
Andorra,AND,2022,0.495686274509804,61.26969371428571,10.639908027648923,47.702334951628586,3352032737.0391,6.521148340952381,54.15520118836773,11.921568627451,11.184434281508253,12363575558.824837,78.1396078431373,7.458547595773403,79824.0,470.0,Europe,154086630779.6377,151001996134.0112,356653200.27764314,218591027.219606,3084634645.6265173,41992.79335837718,169.83829787234043,9
Angola,AGO,2022,13.6491094624883,39.344634,6.64047193527222,54.02599299516703,106713618735.434,2.9565301861904763,38.74483401254089,44.8763995482735,45.993529551671024,34457827.989616945,41.5760078018205,10.209,35588987.0,1246700.0,Africa,57653092182.89482,41346014447.81964,7086287903.239894,3155020350.689322,16307077735.07518,2998.501158109221,28.54655249859629,3
Antigua and Barbuda,ATG,2022,1.85732678963151,59.596168,10.2930965423584,80.66390091163778,1757603703.7037,5.06586880952381,73.36228786741373,21.302994607557,7.53107834634288,12363575558.824837,65.5829801939931,7.458547595773403,93763.0,440.0,North America,1417751709.9748285,1289418288.6794338,180911846.0542888,89037897.82096101,128333421.29539466,18745.173508779582,213.09772727272727,9
Argentina,ARG,2022,6.44416917103214,57.686538,14.630312420073002,16.7780368212333,632770284408.51,8.83831249047619,15.2982909529659,23.4032965023379,11.184434281508253,3200751398.508979,53.0224492903165,6.491,46234830.0,2780400.0,South America,106166431311.88248,96803039172.72368,92576269510.34949,55926215082.899055,9363392139.158798,13686.008673731689,16.628841173931807,9
Armenia,ARM,2022,10.3643747119717,71.79071,11.390570977154898,47.6802377051659,19502783987.8807,8.299488044285713,50.7465094503647,25.561044734381,8.64091108973845,46685114.42078588,55.2734325325839,12.557,2780469.0,29740.0,Europe,9298973764.54655,9896982119.494093,2221478452.660752,1618631225.377027,-598008354.9475422,7014.206591722727,93.492568930733,9
Aruba,ABW,2022,0.0190148268562249,61.26969371428571,20.611759567260737,68.39468007780688,2618521874.0477405,6.191188366634045,74.06611901201926,13.323195992381695,2.35586896905848,12363575558.824837,77.63694670277934,7.458547595773403,106445.0,180.0,North America,1790929658.5223453,1939437527.5879564,539723432.8948503,46703212159.75045,-148507869.06561112,24599.763953663773,591.3611111111111,9
Australia,AUS,2022,3.17268869332033,80.657646,13.54875940435072,25.8121626590318,1675418665067.09,8.83534510952381,19.9417423001917,27.8759975418473,6.59409671341847,33768641551.45062,62.4279411758337,3.661,25978935.0,7741220.0,Oceania,432461791046.8965,334107672636.99097,226998443945.52463,148029021088.05426,98354118409.90552,64491.42988606308,3.355922580678498,11
Austria,AUT,2022,1.30790007521456,78.773098,10.560430572146473,60.7891206732362,471400066091.247,10.11081457090909,59.3391216002942,26.1770385837056,8.54686993188453,12479746627.909796,62.1108551339018,4.707,9042528.0,83879.0,Europe,286559955029.92334,279724658441.75226,49781876696.61873,47662386569.62888,6835296588.171082,52131.44665863871,107.80443257549564,12
Azerbaijan,AZE,2022,4.76455212671996,69.973916,13.0001859664917,60.0526953696522,78721058823.5294,3.0066287357142856,27.0250579484673,55.9361498306007,13.8522590144267,182289857.4025116,32.1967064646727,5.462,10175016.0,86600.0,Europe,47274117647.05883,21274411764.705853,10233884041.850143,2366849975.646781,25999705882.352978,7736.701232069749,117.49441108545037,4
"Bahamas, The",BHS,2022,0.572983702141517,58.387126,9.91151523590088,37.5292694651635,12897400000.0,5.069233030952382,42.6675143827438,8.24197125001938,5.60540633583043,12363575558.824837,79.3950718749515,10.056,409984.0,13880.0,North America,4840299999.999997,5502999999.999999,1278327766.0350802,653799260.9340525,-662700000.0000019,31458.300811738995,29.537752161383285,9
Bahrain,BHR,2022,0.25761747452519,70.12320400000002,9.29553604125977,81.75378147215315,44390820478.7234,3.953291239047619,65.42695369574909,47.8868998966716,3.62574104304492,44905752.7908048,47.9351122556037,1.399,1472233.0,755.0,Asia,36291174367.87133,29043561559.777466,4126364716.6106553,1754898416.9267285,7247612808.093864,30152.034683860093,1949.9774834437087,4
Bangladesh,BGD,2022,11.2176010351595,42.200396,11.9194583892822,12.8822264348985,460201000095.101,2.5794136199999995,20.897740835675,33.9200804971876,7.69695437176894,12363575558.824837,51.0380826788136,4.699,171186372.0,148191.2857142857,Asia,59284134887.91838,96171612323.05869,54853466713.3961,11870487275.829248,-36887477435.14031,2688.303950358274,1155.1716497692655,2
Barbados,BRB,2022,1.4911584317019548,57.738316,15.5437622070313,39.55656642467565,5637914514.6379,6.653863157142857,46.04648849071816,14.193670869183812,3.6652802654534073,12363575558.824837,72.61489461015786,8.203,281635.0,430.0,North America,2230165399.949171,2596061658.0992694,876344025.5910181,375139116.7207008,-365896258.1500983,20018.51515130541,654.9651162790698,9
Belarus,BLR,2022,7.70846614482636,72.714854,12.285882893730609,63.7082362285368,72793457588.4367,5.644072305714286,57.8746329177422,33.1868487882366,15.2096752740809,465211552.24371314,48.2761503652534,4.17,9208701.0,207600.47619047613,Europe,46375427919.36101,42128946367.440094,8943318953.612791,4108515380.120831,4246481551.9209137,7904.856242855177,44.35780287686284,9
Belgium,BEL,2022,0.659979812767606,73.350558,11.853204318455283,95.3284720419935,578604103123.349,9.87331245047619,97.7457529826763,20.7220338946034,9.59751172872498,13022852051.065031,68.2574516403673,5.631,11669446.0,30530.0,Europe,551574450679.769,565560937386.5784,68583126538.17628,57127390952.64371,-13986486706.809326,49582.825364918695,382.2288241074353,12
Belize,BLZ,2022,7.59920364854033,55.354768,20.33755934238433,49.6174023443358,2824081836.19867,5.382367565238094,52.5260338966199,15.8717420724687,1.3344156600097608,12363575558.824837,59.22167937187,9.687,405272.0,22970.0,North America,1401236047.2000003,1483378182.549999,574349319.3144015,152002464.76733762,-82142135.34999871,6968.361584808894,17.643535045711797,9
Benin,BEN,2022,26.8964460711789,50.81442,18.953288630435345,21.6532095498925,17401746309.266,2.857870238571429,29.2803105204475,17.0177168089335,1.35077863583532,12363575558.824837,46.8936616516736,1.654,13352864.0,114760.0,Africa,3768036593.686051,5095285355.333597,3298203204.731314,497319328.764215,-1327248761.6475463,1303.222013589444,116.35468804461485,1
Bermuda,BMU,2022,0.4367951202057789,61.26969371428571,13.5179738998413,52.3183895106284,7550500000.0,6.191188366634045,25.9678167008807,7.049556922051068,11.184434281508253,15649354.959589744,90.17597327327638,7.458547595773403,63532.0,1667.7142857142858,North America,3950299999.9999976,1960699999.999997,1020674619.3075174,46703212159.75045,1989600000.0000007,118845.6211043254,38.09525441151276,12
Bhutan,BTN,2022,17.682149846018078,65.512594,19.6539344787598,36.91841202763739,1510240199.6244447,3.9075089971428576,57.99730393299863,40.062885772678186,5.63916671396365,12363575558.824837,38.30985635485211,3.604,782455.0,38714.0,Asia,557556699.5043659,875898598.6945143,296821619.3060796,59012771.67879343,-318341899.19014835,1930.130422355848,20.21116392002893,5
Bolivia,BOL,2022,11.525857389342113,50.835038,10.7916116714478,32.523140284006416,43068885672.9378,5.557799748095238,32.379010471509766,27.02024674401492,1.74632872945973,109249613.95302927,46.75256955354792,4.419,12224110.0,1098580.0,South America,14007354106.1679,13945279002.003098,4647826893.043264,2393682419.4379635,62075104.16480255,3523.2737330519603,11.127191465346174,2
Bosnia and Herzegovina,BIH,2022,4.71202605332016,65.00512599999999,14.267345616902563,46.2465992213203,24527507287.7962,8.99111852238095,60.8934500925334,25.2148482558646,14.0208440826771,34002176.728657655,53.7373914389261,14.053,3233526.0,51210.0,Europe,11343137994.36724,14935645409.236671,66009276596.85556,2205297250.8313813,-3592507414.8694305,7585.375001715217,63.14247217340363,9
Botswana,BWA,2022,1.7588160495711,65.84080200000001,18.92718844943577,43.476919334303,20352322157.1467,6.0189694000000005,42.0036634713743,37.4012470344691,11.665567478802,90156716.97057806,55.8729509756617,20.684,2630296.0,581730.0,Africa,8848562686.920147,8548720907.497848,3852122368.5194287,1225000042.82808,299841779.4222994,7737.6546811258895,4.521506540835095,8
Brazil,BRA,2022,6.81318197126279,56.827378,13.936185134084608,20.045538006281,1920095560995.06,8.551063401428573,19.2944556126532,20.6976228826191,9.2801060895687,21547235540.07882,58.9099871277796,9.461,215313498.0,8515770.0,South America,384893485436.1792,370471985736.71625,267588072131.612,164188588788.70322,14421499699.462952,8917.673897969276,25.28409034062686,11
British Virgin Islands,VGB,2022,10.029778261034568,61.26969371428571,14.3296022415161,47.702334951628586,469968940773.676,6.191188366634045,54.15520118836773,26.314817370570445,11.184434281508253,12363575558.824837,55.44930151833184,7.458547595773403,31305.0,150.0,North America,154086630779.6377,151001996134.0112,66009276596.85556,46703212159.75045,3084634645.6265173,19006.1493704766,208.7,9
Brunei Darussalam,BRN,2022,1.09616029704876,65.53769600000001,9.092996756235769,86.3893569229457,16681531645.7347,2.2474406619047618,60.584609231513,67.9255854818627,3.68225030604209,14553802.294438202,32.5201825371859,7.203,449002.0,5770.0,Asia,14411067913.647886,10106440761.399548,1516851131.4370992,374907525.2347522,4304627152.248339,37152.46623786687,77.81663778162911,4
Bulgaria,BGR,2022,4.39944735523894,71.905592,10.816048526763916,68.5434948352448,89040398406.3745,7.055295036666665,67.7399268208132,25.9859766295137,15.3252589264366,535180709.4417347,57.6606835515456,4.402,6465097.0,110998.09523809524,Europe,61031400882.9547,60315900721.43861,9630652700.05739,6282062809.393164,715500161.5160904,13772.476794450957,58.24511660431754,9
Burkina Faso,BFA,2022,20.4000343919907,51.078568,21.9580974578857,18.171558729532133,18884619613.4388,4.707103626190476,28.27154058597316,29.3262670009789,14.2902354303358,43291732.156354725,40.9150777896183,5.175,22673762.0,274220.0,Africa,3431629743.904776,5338972898.519998,4146703179.26989,888918614.6164556,-1907343154.6152213,832.8842656740774,82.6845671358763,5
Burundi,BDI,2022,27.5667137824053,46.083270000000006,20.6370830535889,4.97109856996645,3073414677.84385,8.01927770952381,23.3442214236487,10.6377877568045,18.8008786664944,4882324.0999181,45.3736022424045,1.02,12889576.0,27830.0,Africa,152782473.0994346,717464727.6627878,634263139.647827,246465658.18156487,-564682254.5633532,238.4418756554793,463.1540064678405,1
Cabo Verde,CPV,2022,3.6883996976215,53.97336399999999,16.83806048499214,38.4892233239235,2314816792.06291,4.713205076666666,57.0094904522565,16.8037124399938,1.5781364831110094,1681482.9588155097,56.6719333238351,13.57,593149.0,4030.0,Africa,890955004.6367753,1319665258.058335,389770251.5643076,109102062.55904154,-428710253.4215598,3902.589049400589,147.1833746898263,9
Cambodia,KHM,2022,21.8692571046504,53.41262400000001,12.7159272564782,77.581781813023,29956769529.428,6.709669045238095,84.8311118120145,37.6674979752016,5.34370264895435,25168180.10334768,33.7353715954996,0.361,16767842.0,181040.0,Asia,23240995574.55099,25412660654.77656,3809281021.752891,2010000092.0693483,-2171665080.2255707,1786.560818585242,92.61954264250994,2
Cameroon,CMR,2022,16.9784357299602,44.163128,12.5704832077026,19.4123124396723,44341646509.2193,3.734955993333333,20.5009031682376,25.4800317532592,6.24767713343868,12363575558.824837,50.4084974704298,4.001,27914536.0,475440.0,Africa,8607738961.264696,9090438014.057257,5573959228.460258,1656140983.8387668,-482699052.7925606,1588.4787233869586,58.7130573784284,2
Canada,CAN,2022,1.823739107908431,79.583546,12.082511742909746,33.7184874326734,2139840023673.81,10.150308565454548,33.5439527000462,26.864927490882145,6.80280115341612,39014673771.80391,64.6010144123475,5.209,38929902.0,9879750.0,North America,721521689461.769,717786925397.8002,258546422139.8708,217200365209.9874,3734764063.968872,54966.48883610881,3.940373187580658,11
Cayman Islands,CYM,2022,0.3521529896145589,61.26969371428571,12.5284643173218,68.70004343602103,4816765170.908833,6.191188366634045,45.05419049848112,7.769469366333611,0.464618513599479,12363575558.824837,86.37678784042035,7.458547595773403,68706.0,264.0,North America,3309119764.6255007,2170154555.965755,603466705.6864974,46703212159.75045,1138965208.6597457,70106.90727023597,260.25,12
Central African Republic,CAF,2022,29.3328932611903,33.344162,10.7420520782471,13.267355947447,2382618615.3562,5.212237369047619,32.6468704256085,19.0438359702367,5.58316735183246,12363575558.824837,40.5648086846571,6.363,5579144.0,622980.0,Africa,316110492.5694401,777850412.091766,255942132.48757303,124187737.83148085,-461739919.5223259,427.0580962520774,8.955574817811165,1
Chad,TCD,2022,22.5951024858583,36.086084,16.7226104736328,51.1886750209775,12704149842.0373,4.777763173809523,39.5741545384448,49.4603920241211,5.78802687843616,38175970.97197028,26.1985275408664,1.412,17723315.0,1284000.0,Africa,6503085976.8185,5027559891.283432,2124465492.070534,606974192.6984389,1475526085.5350676,716.8043812366535,13.803204828660435,2
Chile,CHL,2022,3.54438569477503,71.92170000000002,18.509338780453334,35.6707253633188,301025249437.947,7.61298691181818,39.3476289866168,31.9695242130974,11.6438667110559,1078323399.8420906,54.2588625307578,7.784,19603733.0,756239.8095238095,South America,107377890001.25545,118446298304.88116,55717783233.17431,22917012840.97893,-11068408303.625715,15355.506496540584,25.92264087808881,5
China,CHN,2022,7.29999788465975,68.171342,11.994663596153249,20.6770025053561,17963170521079.8,4.553863558571428,17.4668169277955,39.9241138211705,1.9735755573906,298304706650.76874,52.7758882941698,4.886,1412175000.0,9600003.733333334,Asia,3714245218685.0586,3137594109344.7373,2154621875206.8904,818018276323.4983,576651109340.3213,12720.21563976122,147.10150529385905,6
Colombia,COL,2022,8.28940973721885,69.27252200000001,14.715101423717666,20.4823651047657,343939445259.487,6.86669006809524,28.1440336661319,26.7339865580009,10.1772313546165,762906825.2602258,54.8047895894929,10.726,51874024.0,1141695.811904762,South America,70446932917.3539,96798433264.93732,50611038206.10541,23617255727.895058,-26351500347.58342,6630.282726080533,45.435941394455455,9
Comoros,COM,2022,36.4121960127207,46.875728,19.03499412536621,12.7160796545449,1242519407.27821,5.578752290952382,35.0656469520052,9.08023962251132,3.191998996635491,12363575558.824837,50.2466277145822,8.811,836774.0,1861.0,Africa,157999757.55267632,435697468.6663248,236513496.1819424,69317079.89906108,-277697711.1136485,1484.8924647254933,449.63675443310046,1
"Congo, Dem. Rep.",COD,2022,17.4404983959522,34.95169800000001,18.4080238342285,48.022722787543,58065953573.3247,3.763110104285714,50.907136682131,48.6481911061421,60.67470842980503,90368871.9857898,31.4823919858969,4.987,99010212.0,2344860.0,Africa,27884851918.461143,29559714351.355133,10688794573.349669,2185085766.067633,-1674862432.8939896,586.4642888889553,42.22435966326348,3
"Congo, Rep.",COG,2022,8.53124746341281,38.598066,16.6348667144775,71.4225180934078,14615532210.0523,2.146302774285714,40.2079178814863,36.246871085429,3.04344334698467,12363575558.824837,48.4861976750053,21.795,5970424.0,342000.0,Africa,10438781137.17245,5876601188.960009,2431274302.753728,313693573.30097467,4562179948.2124405,2447.988988730499,17.457380116959065,3
Costa Rica,CRI,2022,4.02189404042956,68.54486599999998,22.406878566741945,41.1615469285637,68380838316.2777,7.287283897619047,38.8584306068963,20.8286764788321,8.27477490232662,303363471.8101276,67.0152064441303,11.453,5180829.0,51100.0,North America,28146610853.69992,26571720605.544727,15322011404.448492,4983105819.67902,1574890248.155193,13198.821716809744,101.38608610567516,8
Cote d'Ivoire,CIV,2022,16.715367493421,54.661344,13.6093196868896,24.8438275051304,70018715016.6967,4.431473310952381,27.491844114286,21.9810070765666,5.2761672426284,49293175.10465429,53.6962585390297,2.637,28160542.0,322460.0,Africa,17395328780.05696,19249435983.21642,9529070767.27443,3102860668.636721,-1854107203.1594584,2486.4121939377696,87.33034174781368,2
Croatia,HRV,2022,2.47857703677429,72.53823599999998,8.960669208975403,60.6475031052014,70964606464.6427,7.078808791904762,65.2693034132156,19.5147230687341,10.7805806758686,626991225.4404391,61.306940022897,6.746,3854000.0,68576.42857142857,Europe,43038261909.23814,46318104309.40205,6358903640.747808,5023448801.559742,-3279842400.16391,18413.234682055707,56.20006874498735,9
Cuba,CUB,2022,4.139642395931896,61.26969371428571,15.123698552449545,18.26406715128973,65483366974.77954,10.056155522857145,17.319874366017775,23.14367701216344,11.184434281508253,321882556.3667286,71.61677831646705,1.386,11212191.0,109884.76190476192,North America,11959926117.199217,11341636890.67019,9903507023.259956,6585109224.587105,618289226.529026,5840.37205348888,102.03590384732055,9
Curacao,CUW,2022,0.4007886993899464,61.26969371428571,12.4153747558594,65.97525634464427,2938579842.5596747,6.191188366634045,87.0282900017744,16.065883856993572,2.181541142346936,12363575558.824837,75.13807118805416,7.458547595773403,149996.0,444.0,North America,1938735584.020789,2557395787.31652,364835699.9539268,46703212159.75045,-618660203.2957308,19591.054711856814,337.8288288288288,9
Cyprus,CYP,2022,1.65060874459387,72.53591800000001,15.35292407444546,91.5212690325256,28439052740.8561,6.261494771904761,91.8963653060015,13.4691554594467,8.3954829799334,127450698.423629,72.4425136263997,6.976,1251488.0,9250.190476190475,Europe,26027781969.26076,26134455796.30355,4366226174.795137,1780709800.5479422,-106673827.04279327,22724.19131534309,135.29321403935052,9
Czechia,CZE,2022,2.11184498950052,76.316346,9.930312837873188,74.8392849495541,290923534700.518,6.89463302,74.9429773008525,30.6855041595408,15.1001651468371,4355956518.884854,57.8971379527692,2.37,10526073.0,78870.05,Europe,217725093119.8356,218026758573.44696,28889617114.76,20058110086.41307,-301665453.61135864,27638.37327562881,133.46096522063826,9
Denmark,DNK,2022,0.783992186188794,84.828798,14.60862781887963,69.3139816042177,395403906582.001,9.790867415,58.686074322681,20.8732198216723,7.69656699889259,10853808905.7021,66.3079355697967,4.172,5903037.0,42920.0,Europe,274070191070.6063,232047030491.49725,57763085093.87502,38713472247.17418,42023160579.10904,66983.13200171386,137.5358108108108,12
Djibouti,DJI,2022,1.2985420039087765,52.234374,19.52396029233932,144.1635932266141,3515109075.46098,3.016357966666666,140.74006542380374,12.713866147626248,5.17980847967061,12363575558.824837,79.10506759114656,27.929,1120849.0,23200.0,Africa,5067507549.019362,4947166812.521846,686288500.1254176,106028272.63469028,120340736.49751665,3136.112960319347,48.31245689655172,8
Dominica,DMA,2022,16.5491700604528,61.096758,7.06732511520386,38.12095710109588,612048148.148148,5.14808934142857,57.9073494031046,12.0893417971232,1.317248622282006,12363575558.824837,56.2567699224825,7.458547595773403,72737.0,750.0,North America,233318611.99360725,354420859.6633793,43255432.491214186,31508785.47922575,-121102247.66977206,8414.536592767752,96.98266666666666,9
Dominican Republic,DOM,2022,5.78799123570553,58.80685199999999,22.4445571899414,22.0627315416983,113641857434.002,4.61965333952381,34.2599503901956,33.0696648657438,8.81109209279581,12363575558.824837,54.4466646011685,7.121,11228821.0,48670.0,North America,25072497924.663376,38933643979.385895,25506411683.48625,5249859862.046761,-13861146054.72252,10120.55116329684,230.7133963427163,5
Ecuador,ECU,2022,8.84162305963045,57.491414000000006,14.3392333984375,29.1718799310307,115049476000.0,6.167611509047619,28.5183836908566,31.4922538195654,3.46616972213077,282348672.87872434,53.7326993127722,3.955,18001000.0,256370.0,South America,33562094999.99998,32810250999.999977,16497212887.319336,7095804722.874978,751844000.0000038,6391.282484306427,70.21492374302765,2
"Egypt, Arab Rep.",EGY,2022,10.9457535224737,56.908326,12.172145970662427,15.0870258208479,476747720364.742,4.8886123842857145,21.8960790564233,32.7114314313038,13.8956609775178,2463305140.5149093,51.4288499840612,6.959,110990103.0,1001450.0,Africa,71927051671.73238,104389057750.75978,58030428434.60192,23306348099.55061,-32462006079.027405,4295.407495610145,110.82940036946428,2
El Salvador,SLV,2022,4.74084543804742,63.98762800000001,18.4771003723145,31.1779288319146,32488720000.0,8.563611166666666,55.6206584931632,25.1653804766701,7.19861615609868,36108213.051941045,59.5976388112551,3.822,6336392.0,21040.0,North America,10129310000.000006,18070440000.00001,6002973404.080215,2782207653.8270664,-7941130000.000006,5127.321668230122,301.15931558935364,9
Equatorial Guinea,GNQ,2022,2.55829796011421,40.074176,14.267345616902563,56.3377726270993,11813908447.8131,2.201277965238095,45.9868992433207,52.5818152703744,4.78671704710803,12363575558.824837,44.5103297037335,8.689,1674908.0,28050.0,Africa,6655692879.7026205,5432850174.593963,66009276596.85556,260056963.4951116,1222842705.1086578,7053.467084647695,59.71151515151515,3
Eritrea,ERI,2022,16.6194787250747,21.268866,5.601227402687073,8.067019855723037,1223860747.8297005,5.281036592380953,45.30279277177729,20.17219003168085,11.184434281508253,12363575558.824837,55.44930151833184,6.618,3684032.0,120884.93933333334,Africa,98729089.5338224,554443098.4044131,68551223.57816811,64632533.932673655,-455714008.8705907,332.2068722067834,30.475525076299963,2
Estonia,EST,2022,2.51573755901403,80.683998,13.614068555831915,85.501822384777,38100812958.5196,5.943276382727273,86.0656584756432,24.0189188726805,19.3982634080617,496235871.9544572,61.4599414611421,5.851,1344768.0,45271.90476190476,Europe,32576889422.949528,32791715557.32309,5187070796.502149,2264436618.190788,-214826134.37356183,28332.62909179844,29.70425050751544,9
Eswatini,SWZ,2022,10.029921150246436,58.430416,15.0532388687134,53.05395917212854,4854167638.37388,7.144652979523809,57.38054649248797,37.04812671421546,6.822903055391232,12986840.479770591,49.16253209077173,24.389,1201670.0,17360.0,Africa,2575328117.009555,2785347918.5604296,730709449.6922042,346813432.80616,-210019801.5508747,4039.518036044738,69.22062211981567,8
Ethiopia,ETH,2022,37.639031070535,45.805204,23.83381119896385,8.24504858922511,126783472501.134,4.237272694761906,18.3217870519029,22.7220072535484,12.978530204519013,372880347.14315605,36.5551203419289,4.018,123379924.0,1130158.570904762,Africa,10453358910.825356,23228997848.66564,30217333467.410534,5372161461.76152,-12775638937.840286,1027.5859182822485,109.17045375431408,1
Faroe Islands,FRO,2022,14.449340421086752,61.26969371428571,15.925170474582242,49.619154455822034,2374113478.873293,6.191188366634045,54.415306819457896,17.091161738080714,11.184434281508253,20347339.60917378,55.992701381457046,7.458547595773403,53090.0,1946.6509523809525,Europe,1178015034.038629,1291881133.771008,378081618.7706069,46703212159.75045,-113866099.73237896,44718.65659960996,27.27248042853575,9
Fiji,FJI,2022,9.16440441315596,61.653468,18.224035263061527,45.5701311426213,4943248200.0441,3.313783804761905,62.2761473602306,17.6306555416089,4.52019266394963,12363575558.824837,50.2990376250717,4.334,929766.0,18270.0,Oceania,2252644687.465363,3078464533.4414105,900859295.116691,163808558.28224576,-825819845.9760475,5316.658385060435,50.89031198686371,5
Finland,FIN,2022,2.37926495899565,80.081378,12.20921144031343,44.8914237716506,280825957768.484,8.745029608095237,47.6437964744131,25.091964496642,7.12350773301415,9028403399.375463,59.4613749114103,6.801,5556880.0,338353.14285714284,Europe,126066770762.6467,133796147766.5378,34286634963.23952,24558313154.07096,-7729377003.891098,50536.62446705418,16.423314271817443,12
France,FRA,2022,1.80484978883443,76.39845199999999,9.670713329315186,34.0127739939978,2782905325624.52,10.843351136190478,38.1307391305829,17.3828183385786,5.22236748369725,60326231963.741936,70.3181919489555,7.445,67935660.0,549101.2795238094,Europe,946543298871.5964,1061142369964.9844,269126796267.3926,301760196245.21173,-114599071093.38794,40963.83733704096,123.72154743277056,12
French Polynesia,PYF,2022,4.51512129821948,61.26969371428571,14.267345616902563,15.301659059778192,5652706616.557549,6.191188366634045,34.594105776579724,26.314817370570445,11.184434281508253,12363575558.824837,55.44930151833184,13.098,306279.0,3471.0,Oceania,864957894.1151596,1955503306.17164,66009276596.85556,46703212159.75045,-1090545412.05648,18456.06984663509,88.23941227312014,9
Gabon,GAB,2022,5.647373791177,44.394724,13.35217299828162,61.3838511314544,21071739227.9428,2.972257705238095,16.6046561044997,57.395400671819,4.23124798274574,105813147.13589904,33.1487065505147,21.469,2388992.0,267670.0,Africa,12934645038.488686,3498889834.0368614,2813535075.461694,626306392.8302082,9435755204.451824,8820.347338100253,8.925139163895842,3
"Gambia, The",GMB,2022,22.5502664229963,47.973268,14.0179004669189,4.56965741064159,2273060863.13981,4.418312072857143,30.7680560174309,17.2616384830486,11.5131198380507,1009239.0023693864,52.2959843364112,4.78,2705992.0,11300.0,Africa,103871094.18086202,699376639.6811551,318635409.3474262,100430922.53949702,-595505545.500293,840.0101933560078,239.4683185840708,2
Georgia,GEO,2022,6.08790015872493,81.867716,11.333377838134773,52.8981965121543,24605375420.0672,7.82042264952381,63.0261564439414,21.5444672296083,11.8981654203198,57137372.15127438,59.8961676328898,11.311,3712502.0,69700.0,Europe,13015799842.26046,15507822405.870655,2788620164.8477564,1924244352.3513,-2492022563.610195,6627.706980377977,53.26401721664276,9
Germany,DEU,2022,1.10932105868815,79.49248,10.570055262247704,50.3378544368446,4072191736089.51,10.90196886909091,48.2812996987368,26.6773121630183,6.87257438551099,111238957631.06192,62.6827167996276,2.989,84079811.0,357247.14285714284,Europe,2049853948501.9524,1966107096408.569,430432916889.3454,443949075358.171,83746852093.3833,48432.455873259634,235.3547472138136,12
Ghana,GHA,2022,18.7818390300982,58.759852,23.138665080070496,27.5255404214296,72838798787.7066,3.682247684761905,25.0249924272996,31.518830644227,31.2558951049016,221473649.555118,44.0979199462864,3.867,33475870.0,238539.04761904763,Africa,20049273002.79396,18227903880.75957,16853925699.83388,2682104981.968709,1821369122.0343893,2175.859769670112,140.33706570951745,5
Gibraltar,GIB,2022,10.029778261034568,61.26969371428571,9.22017002105713,47.702334951628586,469968940773.676,6.191188366634045,54.15520118836773,26.314817370570445,11.184434281508253,12363575558.824837,55.44930151833184,7.458547595773403,32649.0,10.0,Europe,154086630779.6377,151001996134.0112,66009276596.85556,46703212159.75045,3084634645.6265173,19006.1493704766,3264.9,9
Greece,GRC,2022,3.91760702232036,67.39229,7.657411266775692,48.7371821227688,219065872466.25,8.482977867619047,58.1806490593604,16.8056904211522,9.64525981280641,1775475864.33688,67.087501487044,12.162,10566531.0,131960.0,Europe,106766533232.7087,127453946468.41492,16774774799.891096,18583309476.81856,-20687413235.706223,20732.052219053727,80.07374204304335,9
Greenland,GRL,2022,16.370799731552776,61.26969371428571,18.59661928812664,37.97477472948192,2345473092.953787,6.191188366634045,55.75754130075953,17.19406376748878,11.184434281508253,13121807.947290482,63.19045604776834,7.458547595773403,56661.0,410450.0,North America,890688123.3898125,1307778128.5019095,436178701.6020643,46703212159.75045,-417090005.112097,41394.841124473394,0.1380460470215617,9
Grenada,GRD,2022,4.32418493137844,53.422034,9.87272262573242,47.702334951628586,1256413185.18519,5.26914256047619,54.15520118836773,15.1480599269714,1.9066666874509364,12363575558.824837,62.9337081726712,7.458547595773403,125438.0,340.0,North America,154086630779.6377,151001996134.0112,124042188.80646364,66202201.876027375,3084634645.6265173,10016.208686244918,368.9352941176471,9
Guam,GUM,2022,10.029778261034568,61.26969371428571,14.267345616902563,18.40413411385973,5075850000.0,6.191188366634045,53.74187954741676,26.314817370570445,11.184434281508253,13146113.324120631,55.44930151833184,6.134,171774.0,540.0,Oceania,934166241.4183488,2727857193.0075536,66009276596.85556,46703212159.75045,-1793690951.5892048,29549.58259107897,318.1,9
Guatemala,GTM,2022,9.30653254881256,62.058124,19.3998908996582,19.0155395632265,95003333381.1936,6.086884408571429,35.6544175752575,22.649550528696,6.88512823344285,39205342.11825,62.0391801029779,2.569,17357886.0,108890.0,North America,18065396445.48484,33872885194.144764,18430543026.99012,5782743087.203009,-15807488748.659924,5473.208741041023,159.4075305354027,5
Guinea,GIN,2022,27.3199176325346,47.14269,10.1993560791016,43.6701925605662,21227749388.7287,4.2135507261904745,63.8074675861905,28.8351691223229,10.4930409984424,12363575558.824837,35.2885216616253,5.749,13859341.0,245860.0,Africa,9270199034.332235,13544889310.490816,2165093747.735753,894441988.5226722,-4274690276.158581,1531.656475493943,56.37086553323029,2
Guinea-Bissau,GNB,2022,42.01985597461624,42.514344,11.4933970191262,20.100417614668377,1633559092.06611,7.225550788095239,29.98913071456092,13.864460445384726,9.39383877456589,12363575558.824837,41.065941755282815,3.583,2105566.0,36130.0,Africa,328352199.4876732,489890171.4193003,187751431.99319127,118033641.85078424,-161537971.9316271,775.8289657346812,58.277497924162745,1
Guyana,GUY,2022,26.117477694386505,55.033552,14.571713952457191,91.85327928120284,15357537068.3434,4.01220644,106.03138395352356,25.408821266322143,3.937078256774077,12363575558.824837,39.9897472790627,12.358,808726.0,214970.0,South America,14106401414.099714,16283809094.739897,2237856371.7415805,616176091.281461,-2177407680.6401825,18989.79019883545,3.762041215053263,9
Haiti,HTI,2022,20.2753493115575,38.349214,13.124044418335,7.23876011454798,20253551885.2146,4.07793516095238,29.2907901652243,29.3411380290859,33.9839319470699,12363575558.824837,48.1674653697354,14.836,11584996.0,27750.0,North America,1466106035.6461952,5932425383.703039,2658085145.70609,825926713.6688999,-4466319348.056844,1748.2571323472705,417.4773333333333,3
Honduras,HND,2022,12.5724857320473,55.99769,13.5041408538818,41.1178936427843,31717700115.2546,7.757914435000001,64.8068283246351,26.25433343514,9.08963911525029,11929932.986866958,56.3844098828331,7.099,10432860.0,112490.0,North America,13041650199.327662,20555235462.21564,4283202899.1758113,2460632035.691349,-7513585262.8879795,3040.173079601816,92.74477731353898,9
"Hong Kong SAR, China",HKG,2022,0.0692656169415736,84.906668,20.485088212149485,193.861100918864,359838598806.091,6.191188366634045,189.929795326265,7.789818162264134,1.88136707196846,2678460302.3459554,88.97256725986601,5.058,7346100.0,1102.904761904762,Asia,697587069176.5022,683440714217.3085,73713254386.79044,46703212159.75045,14146354959.193726,48983.62380121303,6660.683908294115,10
Hungary,HUN,2022,2.74790797995499,72.35731000000001,9.887038049243747,90.3778374035367,178788572067.589,7.198799178571428,94.4707025323708,25.7817847237829,14.6081439492433,2055063966.151519,56.4124540460527,3.423,9683505.0,93030.0,Europe,161585244959.35062,168902820079.84537,17676894148.022102,12870630257.381182,-7317575120.494751,18463.20852496993,104.0901322154144,9
Iceland,ISL,2022,4.07024124919026,78.98932199999999,15.431370871407651,46.3143323543196,27841648044.3753,8.671932915000001,47.0441107760344,21.3400056176862,8.3087551155892,669250415.7580296,64.3971254674815,3.809,381900.0,103000.0,Europe,12894673408.191902,13097855747.869532,4296347966.4395685,2414409040.838636,-203182339.67762947,72902.97995384996,3.707766990291262,12
India,IND,2022,16.6183527742932,61.98211000000001,14.062506854534153,22.4494377646999,3385089881935.39,3.5457746295238093,26.9236562932426,25.6208066930625,6.6990341407985,25300482424.8091,48.5828246313961,7.33,1417173173.0,3287260.0,Asia,759933646324.2388,911389965029.6162,476028496679.3064,120027658220.24254,-151456318705.37744,2388.621197767614,431.11076489234193,6
Indonesia,IDN,2022,12.3996592154305,66.280608,16.758917356792246,24.4924493725873,1319100220389.02,2.668208917142857,20.9008560313116,41.4292959518952,4.2094638340216,2264645914.327111,41.7908539920084,3.554,275501339.0,1912314.6066666672,Asia,323079953652.4682,275703237972.22314,221066915788.26025,35196349706.47092,47376715680.245056,4787.99930765135,144.06695323016075,5
"Iran, Islamic Rep.",IRN,2022,12.4606174538087,56.79355999999999,20.93096814836775,19.7961705871207,388544468139.733,5.866489296190476,17.8753523741796,40.218732794406,19.436244264357395,1988059904.5867567,46.9398707870041,10.964,88550570.0,1745150.0,Asia,76916925719.76237,69453692810.35925,81326118868.57239,22793919634.35765,7463232909.403122,4387.825715178717,50.740950634615935,5
Iraq,IRQ,2022,2.85142526205376,44.196292,13.5,46.99961800785047,264182173793.103,3.356173145555556,38.447514198867296,62.7490598754853,4.99476596381039,105272193.75334002,34.7887631886786,15.547,44496122.0,436488.38095238095,Asia,124164612527.59404,101571478779.97955,35664593462.06891,8866411172.18903,22593133747.614487,5937.1954660027,101.94113736295388,3
Ireland,IRL,2022,1.08017851759956,79.833916,12.91261859167191,136.951093698858,529244870222.765,8.03354347818182,99.6221523388651,41.0525833020782,7.8073754099672,6845081744.5523815,52.3001234620715,4.362,5086988.0,70280.0,Europe,724806638115.1782,527245130858.9519,68339371507.85463,42517116755.39278,197561507256.22632,104038.94607629604,72.38173022196926,12
Isle of Man,IMN,2022,0.4720576578875782,61.26969371428571,14.267345616902563,47.702334951628586,5187908008.909171,6.191188366634045,54.15520118836773,8.338818889025664,11.184434281508253,12363575558.824837,93.3141342442045,7.458547595773403,84519.0,570.0,Europe,154086630779.6377,151001996134.0112,66009276596.85556,46703212159.75045,3084634645.6265173,61381.559281453534,148.27894736842106,12
Israel,ISR,2022,1.6170409395111178,74.638542,14.160981087457564,31.9108268239588,522033446211.625,7.140523093333332,28.6240977013041,20.237601399612814,4.3935966591265,22411989603.58173,68.06418721497465,3.476,9550600.0,22070.0,Asia,166585188983.73575,149427363677.1003,73925057588.23116,37275918781.664925,17157825306.635435,54659.753964319,432.74127775260536,12
Italy,ITA,2022,1.96011468118647,72.51951,8.705833366939,37.1496143631398,2010431598465.38,8.562253365454545,38.6903651963886,23.0319812926524,8.20128991161718,24591666598.413937,64.793319929837,8.094,58856847.0,302068.90476190473,Europe,746867585864.5958,777843327469.8483,175024824918.68414,172138247199.76358,-30975741605.25244,34157.990122464085,194.8457655593245,12
Jamaica,JAM,2022,8.09936510175336,67.83599999999998,17.774962525618708,27.9706521607294,17097760745.2096,5.290184316190476,45.2105290556191,19.9220815361069,10.3495688391272,9408897.646573111,58.3284888430595,6.049,2827377.0,10990.0,North America,4782355185.316312,7729988089.573223,3039120565.180952,904503057.36285,-2947632904.256912,6047.216464309358,257.268152866242,5
Japan,JPN,2022,1.1318285980481688,77.90445400000002,8.254857713525947,14.999613864498263,4231141201863.17,9.186331158095236,14.7282220110639,28.911817149670075,2.49770278172251,133360090414.17027,69.72223973786521,2.641,125124989.0,377935.6666666667,Asia,634654842341.1665,623171869812.005,349274685872.17633,388686642569.7617,11482972529.1615,33815.3172733799,331.0748363698584,12
Jordan,JOR,2022,4.66769110184911,60.789308000000005,10.855209350585938,44.62663554178776,47451499859.1549,8.192823432857143,69.96323608358963,24.4570962952301,4.22915568897118,229965782.2560174,61.1891408208474,17.874,11285869.0,89088.38095238095,Asia,21176007901.25699,33198604871.664745,5150959649.704255,3887617599.7030168,-12022596970.407757,4204.505639676918,126.68171628388288,9
Kazakhstan,KAZ,2022,5.18894461924684,76.049054,14.816662085683722,43.02492808247478,220623001966.686,3.2584505423809524,34.083919346937826,34.5416897947218,8.204693867777216,409201516.9288322,52.6066588604409,5.008,19621972.0,2724901.904761905,Europe,94922887929.56355,75196966051.11832,32688964684.69522,7188891404.200619,19725921878.44524,11243.671225638584,7.20098289252527,5
Kenya,KEN,2022,21.1657169102521,66.0809,21.22661826189826,12.215242879819,113420008178.793,4.085009416190476,21.5143076851726,17.6562235849776,7.65687456104604,593997583.8379843,55.0581373603604,5.502,54027487.0,580370.0,Africa,13854529473.35014,24401529536.133453,24075232168.726177,4633218013.947702,-10547000062.783314,2099.3019382669604,93.09145372779432,5
Kiribati,KIR,2022,24.00578141326416,46.40435,18.8985729217529,14.44142564838948,223352943.188404,10.761469251904762,94.42718271477344,11.29162901460626,1.8336984880792848,12363575558.824837,61.71054995221012,7.458547595773403,131232.0,810.0,Oceania,32255349.22404296,210905891.7633384,42210518.84134186,24036058.30444441,-178650542.53929543,1701.9701230523349,162.01481481481483,1
"Korea, Dem. People's Rep.",PRK,2022,10.029778261034568,61.26969371428571,14.267345616902563,47.702334951628586,469968940773.676,6.191188366634045,54.15520118836773,26.314817370570445,11.184434281508253,12363575558.824837,55.44930151833184,2.962,26069416.0,120540.0,Asia,154086630779.6377,151001996134.0112,66009276596.85556,46703212159.75045,3084634645.6265173,19006.1493704766,216.2719097395056,9
"Korea, Rep.",KOR,2022,1.58638909635271,83.796322,14.3753856931414,48.2565227414909,1665245538594.96,5.84117080952381,48.5265387995159,31.7575181493254,5.08788760792858,55971082860.301,58.2429412625214,2.788,51628117.0,99967.61904761904,Asia,803589592033.7394,808086022393.4907,239385468910.8553,97269836307.30637,-4496430359.751343,32254.624715345708,516.448400910771,5
Kuwait,KWT,2022,0.3941876237848566,62.47587600000001,11.307948915581957,59.89447791151679,184558274288.737,3.2014753138095235,33.83049856117518,62.27715930803,3.0942274504308056,259393140.1849038,50.41681191674381,2.482,4268873.0,17820.0,Asia,110540214827.74414,62436984327.780914,20869755376.050003,5908587590.946785,48103230499.96323,43233.48909389832,239.55516273849608,4
Kyrgyz Republic,KGZ,2022,12.1204366201074,63.635672,17.11798256093806,41.45186207033175,10930644915.2401,6.383433455714287,68.97081619066088,24.0393602833711,13.9229093174175,17341988.61591022,52.0680419461923,4.567,6803300.0,199949.61904761905,Asia,4530955853.663057,7538955012.94407,1871105890.388864,697750444.4447691,-3007999159.2810125,1606.6680750871049,34.02507107742855,9
Lao PDR,LAO,2022,14.6271897573021,49.57051,11.71780279704502,32.90375027313757,15724383783.2385,2.9737138285714284,46.69174415246039,33.554541043651,22.9562225132054,5833746.138960201,41.2495294247126,2.633,7529475.0,236800.0,Asia,5173911972.026538,7341989045.620692,1842552282.7704144,467598175.0198064,-2168077073.5941544,2088.377182106123,31.79676942567568,2
Latvia,LVA,2022,5.1231178289312,80.06526799999999,14.156440877914426,70.3412087997428,41153912662.862,5.880552429047619,76.1564502897118,20.8558038049082,17.3102830198815,227095520.8614381,62.0800868806632,6.429,1883379.0,64593.80952380953,Europe,28948159635.44756,31341359039.363907,5825929315.066597,2420077410.744067,-2393199403.9163475,21851.10520126963,29.15726776117422,9
Lebanon,LBN,2022,3.980871646658756,54.45721,7.219792667188142,26.36410331596312,34590455762.007645,8.145424593333335,50.93543310882015,14.907737690284405,20.91529346572528,12363575558.824837,72.43542038723614,12.635,5489739.0,10450.0,Asia,9119463494.558212,17618798456.693428,2497359188.652386,2817539490.584658,-8499334962.135216,6300.929017209679,525.3338755980861,9
Lesotho,LSO,2022,3.50810957392033,57.974298,14.6538400650024,44.27484816542813,2553459762.7992,8.336430005238094,99.2954948851774,24.939078217855,8.27180389943028,990657.2813971234,49.595649644741,18.039,2305825.0,30360.0,Africa,1130540432.9446473,2535470508.165343,374179909.76478446,212867385.837674,-1404930075.2206955,1107.3952979082108,75.94944005270092,9
Liberia,LBR,2022,36.1905257727343,42.058992,11.1886758804321,47.702334951628586,4001047150.0,8.280213503333332,54.15520118836773,21.3943992137158,10.554012384608086,12363575558.824837,37.2152575107744,3.634,5302681.0,111370.0,Africa,154086630779.6377,151001996134.0112,447664197.436766,331295246.38903344,3084634645.6265173,754.5328768598375,47.61319026667864,1
Libya,LBY,2022,1.59721923426485,32.603984000000004,14.267345616902563,49.007230499180096,45752336035.9846,3.672418752500001,30.291333487511714,80.3080316319644,1.7331989818419022,12363575558.824837,25.4693937975976,20.68,6812341.0,1759540.0,Africa,22421952779.91441,13858992686.987091,66009276596.85556,1680217368.2923136,8562960092.927319,6716.095984623288,3.8716602066449184,3
Liechtenstein,LIE,2022,0.1459600329340734,64.84815,14.267345616902563,47.702334951628586,5048408233.714671,6.191188366634045,54.15520118836773,41.07456704108732,11.184434281508253,12363575558.824837,53.73604236228115,7.458547595773403,39327.0,160.0,Europe,154086630779.6377,151001996134.0112,66009276596.85556,46703212159.75045,3084634645.6265173,128370.03162495668,245.79375,12
Lithuania,LTU,2022,4.01970495449537,80.284528,13.52374606132508,87.561129569902,70334299008.3797,6.426910444090908,89.5426504370244,27.2365918218381,19.7050461518394,593317031.621659,59.6179632918573,5.569,2833000.0,65295.90476190476,Europe,61585506686.80964,62979195498.40496,9511831991.906351,4520322408.747684,-1393688811.5953217,24826.79103719721,43.38710077347518,9
Luxembourg,LUX,2022,0.245201223046949,69.421058,9.61332861582439,209.366433041006,82274812250.9186,5.995116927272729,175.111415423983,12.26817582096,6.33600807777923,1145148468.9592466,78.4234097386979,4.698,650774.0,2590.0,Europe,172255839700.93286,144072588270.00812,7909348069.733349,4932471196.136678,28183251430.924744,126426.0899343222,251.26409266409263,10
"Macao SAR, China",MAC,2022,10.029778261034568,61.26969371428571,13.8027029037476,86.5481274221663,21979475560.6214,6.191188366634045,96.544235032634,7.826738745139493,1.04502802369954,25837972.429719027,88.97122911555802,2.627,695168.0,29.190476190476183,Asia,19022824514.93051,21219916544.18668,3033761711.4343834,46703212159.75045,-2197092029.2561684,31617.501899715466,23814.8907014682,12
Madagascar,MDG,2022,22.3969644485088,45.159238,13.8535928726196,31.0796352394265,14954967604.4073,4.551276331904762,40.14260017322,22.4336018250455,8.16059031991844,18510660.53386237,47.9866202243758,2.142,29611714.0,587161.4285714285,Africa,4647949381.624188,6003312851.471801,2071800326.14674,680641901.0234141,-1355363469.8476124,505.0355276431246,50.431980983569865,2
Malawi,MWI,2022,21.7620875918847,56.750768,15.833002805709835,47.702334951628586,13164667626.9363,5.30259234,54.15520118836773,18.3464047678754,20.9539697299689,12363575558.824837,54.9122631632069,5.614,20405317.0,118480.0,Africa,154086630779.6377,151001996134.0112,2084362194.735199,698068657.172384,3084634645.6265173,645.1586920671853,172.2258355840648,2
Malaysia,MYS,2022,8.92788740437213,79.692252,20.2047576904297,73.8363347646657,406305924656.071,3.285618861904762,66.9092131162023,39.1992791316571,3.37869862549938,3841400609.459698,50.8192841432907,3.73,33938221.0,330660.8095238095,Asia,300001402697.7269,271856097031.88687,82093127558.61902,13349664097.53642,28145305665.840057,11971.927599153503,102.63756702487672,5
Maldives,MDV,2022,5.805912126911284,52.919894,12.980865097045893,72.27518894943235,6189865408.23158,8.649430888095239,75.05806967766226,10.454717075231496,2.33314337624571,12363575558.824837,72.97937797249935,4.883,523787.0,300.0,Asia,4473736919.514926,4645993491.063972,803498078.3312504,535388130.5511047,-172256571.54904652,11817.52393288031,1745.9566666666667,9
Mali,MLI,2022,36.4212984752437,52.368452000000005,16.659470510482798,29.0625334422569,18827176532.3169,4.561876808095239,39.7656947848218,19.9629972718925,1.8256575581544512,58982907.24113581,35.6409236289385,2.762,22593590.0,1240190.0,Africa,5471654475.937342,7486757556.440734,3136507922.3578715,858872599.8469139,-2015103080.503392,833.297255208973,18.21784565268225,1
Malta,MLT,2022,0.951867995420787,64.782142,14.233791232109075,168.009736941935,17765270014.7571,8.392614164285714,156.622442069411,12.3418285712955,6.15375621933034,101448105.58665413,78.8079054326196,2.813,523417.0,320.0,Europe,29847383418.817856,27824399737.33738,2528671445.720999,1490970567.5821068,2022983681.4804764,33940.94959612909,1635.678125,10
Marshall Islands,MHL,2022,12.20301991210344,50.847296,27.88399944305419,36.69092862041472,279667900.0,15.018046424285714,92.60948301497574,12.729650687571231,11.184434281508253,12363575558.824837,72.39736572898173,7.458547595773403,41569.0,180.0,Oceania,102612749.56321284,258998996.3488393,77982595.67840135,42000655.05582495,-156386246.78562647,6727.799562173736,230.9388888888889,1
Mauritania,MRT,2022,19.2032898372654,47.90557199999999,10.4351224899292,46.4676921166572,10375460680.4361,3.2434131771428567,77.7041564561854,34.654713135596,9.52526628622848,1074897.697829154,39.7652278990919,11.109,4736139.0,1030700.0,Africa,4821237124.669873,8062164200.176065,1082692030.8979485,336519058.8985404,-3240927075.506192,2190.700205470342,4.59507034054526,2
Mauritius,MUS,2022,3.39052051035037,78.642456,16.362888249483976,56.1625807402572,12898307089.1315,4.474712926666667,63.1061112544154,18.3697355422078,10.7737512242899,43951450.46307328,65.7892935918425,7.234,1262523.0,2040.0,Africa,7244022133.059797,8139620021.603473,2110535575.069857,577162214.6385304,-895597888.5436754,10216.294744041496,618.8838235294118,9
Mexico,MEX,2022,4.14990925789374,72.24332799999999,19.3104967820017,43.354093459063,1414187193992.25,5.585031850476191,46.1269635139675,32.1300397174628,7.89627619168544,5481780143.373972,58.7684189526905,3.308,127504125.0,1964378.3333333333,North America,613108037769.5006,652321610992.006,273086572587.35355,78982805209.82268,-39213573222.50537,11091.305430253728,64.90813039239725,5
"Micronesia, Fed. Sts.",FSM,2022,22.4635812773441,48.097198,18.000538962227967,29.9933888732877,427094119.111317,11.636344864285714,71.3660025650125,4.85366234910332,5.40874375479069,12363575558.824837,66.8099985123939,7.458547595773403,114164.0,700.0,Oceania,128099999.99999988,304800000.0,76879243.31601693,49698144.59487604,-176700000.00000012,3741.05776874774,163.09142857142857,1
Moldova,MDA,2022,7.92241456216425,72.831246,18.725480261303133,40.8823296680243,14420947883.5979,8.563535985238095,70.0032502688485,20.042542243121,28.7372976766236,50487898.25600731,58.0309586016506,2.278,2592477.0,33848.09523809524,Europe,5895619455.026466,10095132238.095251,2700391749.435937,1234943061.424338,-4199512783.0687847,5562.613625346686,76.591518127207,9
Monaco,MCO,2022,10.029778261034568,61.26969371428571,6.54762585957845,47.702334951628586,5568611548.605498,1.938383381428572,54.15520118836773,13.958293165338484,11.184434281508253,2099366.617883887,79.03091771290602,7.458547595773403,36469.0,50.62233333333333,Europe,154086630779.6377,151001996134.0112,364611849.7759656,107941040.8344812,3084634645.6265173,152694.38560436256,720.4132563361362,12
Mongolia,MNG,2022,13.246394190452,66.857072,17.633220672607425,69.6910459119838,16810883360.913,4.267669768095239,75.2592857425016,37.0112136985462,15.1479560897225,36073994.51878651,38.8599066386074,8.247,3398366.0,1564119.2261428572,Asia,11715680441.263926,12651750744.428171,2964300160.044433,717432986.9434369,-936070303.1642456,4946.754811257234,2.1727026579555733,9
Montenegro,MNE,2022,6.3492871277598,72.63933800000001,14.267345616902563,52.6812128359268,6095978867.69929,8.646737529000001,75.9699252737865,13.0420246755041,13.0403036347004,37902499.5889824,60.6987936884063,15.402,616159.0,13810.0,Europe,3211435601.725784,4631110590.496967,66009276596.85556,527103292.5132639,-1419674988.7711835,9893.515906931962,44.61687183200579,9
Morocco,MAR,2022,10.7342762861611,70.17999,14.34683883190154,43.527422607698,134181587769.796,5.216980127619048,55.1209595360866,27.2062334067731,6.65704202759063,828120459.5082729,52.3047743587685,10.494,37457971.0,446550.0,Africa,58405786770.27832,73962178699.46779,19250816139.419144,7000226768.873968,-15556391929.189468,3582.190497445684,83.88303885343187,9
Mozambique,MOZ,2022,23.98159118523437,53.444526,19.16816393534344,28.22315919786768,17851491427.6765,5.285017377142858,54.75071297549855,19.079305381112928,10.2794018093421,58008422.04116616,45.816275674500886,3.906,32969518.0,799380.0,Africa,5038254844.826839,9773818833.412888,3421803141.760812,943454424.0318706,-4735563988.586048,541.4544254992293,41.24386149265681,5
Myanmar,MMR,2022,20.3043006684831,43.615794,9.416513013839715,36.9642804609069,59364362540.5524,3.1456020209523814,35.4086296234463,41.105291318162,13.66544289685456,62634489.785317205,38.5904092599302,0.7626190476190476,54179306.0,676590.0,Asia,21943609463.319347,21020107260.304096,5590052924.214106,1867366587.8011148,923502203.0152512,1095.7017895458534,80.07701266645975,2
Namibia,NAM,2022,8.58397288237219,60.786982,24.7069206237793,37.6331130307008,12607436975.946,9.47533067190476,56.3755474762011,27.9812898910437,6.08128114112414,30856072.71699984,55.5229292600494,20.846,2567012.0,824290.0,Africa,4744571007.432125,7107511617.906569,3114909446.339979,1194596342.7228732,-2362940610.4744434,4911.327635377629,3.114209804801708,8
Nauru,NRU,2022,10.029778261034568,61.26969371428571,6.98449230194092,55.7692307692308,150922211.044258,12.674383277619048,115.384615384615,26.314817370570445,0.0877749006491565,12363575558.824837,55.44930151833184,7.458547595773403,12668.0,20.0,Oceania,84168156.15929778,174141012.74337402,10541150.21230523,19128459.478806365,-89972856.58407624,11913.657329038364,633.4,9
Nepal,NPL,2022,21.0607486436528,60.111662,12.4379253387451,6.76061737759184,40828247302.4851,4.301879668095237,42.6382368088988,12.0298226217743,6.284003045961243,83810863.6666732,52.2844604522285,11.119,30547580.0,147180.0,Asia,2760241582.0979795,17408444769.756435,5078186916.601307,1756382069.5452487,-14648203187.658457,1336.54604726414,207.5525207229243,9
Netherlands,NLD,2022,1.66980809319306,75.876046,11.90035225096203,92.6376932933554,991114635529.187,9.745225580454546,83.212882469565,18.9132647531944,10.0012078753473,19020561207.34698,68.8420779739605,3.538,17703090.0,41537.619047619046,Europe,918145736247.0854,824735056801.56,117946132838.81172,96586356993.21918,93410679445.5254,55985.40342557074,426.19414414930816,12
New Caledonia,NCL,2022,1.7265201460498507,61.26969371428571,14.267345616902563,19.97516949364092,8035172434.985473,6.191188366634045,41.96132388220167,23.78437958797189,1.1306598518031017,12363575558.824837,66.53291564148263,12.267,276780.0,18580.0,Oceania,1605039312.9946623,3371664729.9376445,66009276596.85556,46703212159.75045,-1766625416.9429822,29030.899757878,14.896663078579117,9
New Zealand,NZL,2022,5.816993131174584,87.01846800000001,15.94669752120972,29.045291874931728,247234053739.267,8.8630867,28.24678430273461,21.847509908999687,7.17222476016446,3003275677.2289805,64.53896542006835,3.253,5124100.0,267710.0,Oceania,71809852522.79565,69835669882.63773,39425666719.226,21912568534.835827,1974182640.1579285,48249.26401500107,19.14048784132084,12
Nicaragua,NIC,2022,16.7843275365567,54.292616,20.93416187979958,49.7779295600035,15671583877.9712,7.203798225714285,65.4020124188691,25.9894452063201,10.4674244465991,13646553.785515374,46.2706929273633,5.565,6948392.0,130370.0,North America,7800989983.713369,10249531234.104214,3280714738.1430635,1128949281.3426154,-2448541250.3908443,2255.425986036942,53.29747641328527,5
Niger,NER,2022,36.7325508543771,51.178864,16.770930480957034,10.0539186843855,13969605582.5202,5.1189771819047625,28.7097972532147,20.514382141104885,4.22621791916396,12363575558.824837,36.95581893908717,0.534,26207977.0,1267000.0,Africa,1404492785.7959585,4010645439.815312,2342832840.708356,715100922.1713029,-2606152654.0193534,533.0287638195119,20.685064719810576,1
Nigeria,NGA,2022,23.6918718407127,51.831352,7.033850232760112,20.797531882001856,477386120635.845,3.602609713333334,15.074693153060206,30.7755687196148,18.8471877843274,631247661.1478559,44.0357676992755,5.761,218541212.0,923770.0,Africa,99284530639.4917,71964492841.15146,33578624757.508846,17198358752.132137,27320037798.34024,2184.421493168277,236.5753510072853,2
North Macedonia,MKD,2022,8.1240004472683,80.04747,8.64087963104248,74.8945722637132,13563132057.2486,7.230867545238095,95.9236787865987,22.949505687219,14.2047173195833,41823532.09548236,58.8005230605344,15.081,2057679.0,25710.0,Europe,10158049739.838903,13010255227.997343,1171973915.2661872,980732114.045373,-2852205488.15844,6591.471292290295,80.03418903150525,9
Northern Mariana Islands,MNP,2022,10.029778261034568,61.26969371428571,14.267345616902563,61.176649197601314,1019684210.5263158,6.191188366634045,64.1434217341494,26.314817370570445,11.184434281508253,12363575558.824837,55.44930151833184,7.458547595773403,49551.0,460.0,Oceania,623808632.3970147,654060343.5144266,66009276596.85556,46703212159.75045,-30251711.11741185,20578.47895151088,107.7195652173913,9
Norway,NOR,2022,1.55198985558538,82.47812200000001,15.657228651500889,55.6735263925182,579267365866.343,9.17939883909091,27.3252958742707,48.686510546539,5.76412317852271,10142629787.7692,42.149381963893,3.171,5457127.0,476585.13761904766,Europe,322498569818.84344,158286521626.0724,90697215977.21951,53173261857.56758,164212048192.77106,106148.77862771804,11.450476670890408,12
Oman,OMN,2022,1.84079692263028,68.360054,11.310353934764873,57.03065360615096,114667360208.062,3.3064740390476195,40.63002149227146,56.9789700972565,2.81184097477153,272113674.38133955,44.4832795035564,2.327,4576298.0,309500.0,Asia,65395544999.57722,46589373097.15592,12969284287.18355,3791446496.540791,18806171902.42129,25056.794860837734,14.78610016155089,4
Pakistan,PAK,2022,22.2506373309824,54.45444199999999,12.351141026145546,10.4679996045402,376532751806.989,2.577350252380952,21.8525859938835,19.8227668934626,19.8738599646653,1112664542.0041132,51.5451798909892,6.416,235824862.0,796100.0,Asia,39415446970.11994,82282143383.75821,46506091185.3078,9704567828.994371,-42866696413.63827,1596.662661492362,296.2251752292425,2
Palau,PLW,2022,3.644731604784957,53.46772,14.577097956339529,47.702334951628586,214044363.63636363,11.059177217142857,54.15520118836773,11.176903705369348,12.3526638378123,12363575558.824837,75.21825073559027,7.458547595773403,18055.0,460.0,Oceania,154086630779.6377,151001996134.0112,31201456.55729631,23671545.497851133,3084634645.6265173,11855.129528461017,39.25,9
Panama,PAN,2022,2.61944750889428,65.867784,11.7598056793213,62.1874672722056,76522511780.6222,7.34390326904762,68.55936103623058,26.1693704693389,2.85748282185325,152736384.31744155,68.1480128007651,8.789,4408581.0,75386.66666666667,North America,47587411969.44409,52463345125.668846,8998898686.33692,5619739244.214463,-4875933156.224754,17357.62862939848,58.47958524938097,9
Papua New Guinea,PNG,2022,23.161394932466017,58.76709,8.34962379932404,66.80123062637811,30633444294.631,2.4173509166666665,54.489428438983865,34.150517927404564,6.237551137635245,9674042.050052134,44.17664144306402,2.753,10142619.0,462840.0,Oceania,20463517772.059525,16691988707.318945,2557777355.377182,740517846.4628351,3771529064.74058,3020.2696458016417,21.913877365828363,2
Paraguay,PRY,2022,11.3297744806337,58.313838,10.943473815918,34.4783350054441,41722295362.0667,5.8871075771428565,39.3762256861412,33.2113856440863,9.76556667164399,35345460.32360169,48.3097156003533,6.886,6780744.0,406751.0476190476,South America,14385152766.894226,16428665183.205805,4565868468.34774,2456236411.618152,-2043512416.3115788,6153.055676791028,16.67050162425314,2
Peru,PER,2022,7.0909923045786405,67.894132,18.2206020355225,29.3177265575969,242631549613.268,4.829587345238095,29.0948442618018,32.857188663948435,8.33370630096232,280629267.84507394,51.57897995678629,3.661,34049588.0,1285220.0,South America,71134054258.07797,70593271489.97668,44208929067.65489,11718102615.677485,540782768.1012878,7125.829235092889,26.49319805169543,5
Philippines,PHL,2022,9.54934989460708,60.104746,15.4144191741943,28.3851063227604,404284327311.713,3.86040706,44.0315802628315,29.2262372171058,5.82115811213952,584932039.1745394,61.2244129940016,2.238,115559009.0,300000.0,Asia,114756536153.6864,178012778070.3053,62318080867.39913,15607020714.014875,-63256241916.6189,3498.5098159825257,385.1966966666666,5
Poland,POL,2022,2.13073205714332,77.15643,11.523282823108488,61.7182765730305,688176605954.787,6.196334232272728,60.6053997669283,29.8329869854697,14.4294507575757,5550865300.135233,56.8230203163582,2.602,37561599.0,312685.2380952381,Europe,424730740974.0697,417072183141.3776,79300536626.63896,42641722613.269066,7658557832.692078,18321.280889953247,120.12591073634066,9
Portugal,PRT,2022,1.89635115400595,76.48872,10.8495710463751,50.0480509538603,251945377529.388,9.523304722272728,52.5875781491262,19.0692722481191,7.83269124233316,2961785871.6489425,65.5020061059551,5.781,10379007.0,92172.05714285716,Europe,126093750921.8038,132491972301.37798,27334992733.10892,23993526035.80405,-6398221379.574173,24274.51658230773,112.60470170383212,12
Puerto Rico,PRI,2022,0.661260918166206,69.573292,21.2439384460449,52.7060478794867,113434800000.0,6.191188366634045,45.408463716602,46.231844195961,11.184434281508253,498632911.425114,52.5500992640706,5.971,3221789.0,8870.0,North America,59786999999.99997,51509000000.000046,24098019088.394142,46703212159.75045,8277999999.999924,35208.63718884136,363.2231116121759,5
Qatar,QAT,2022,0.254855192751905,66.66206600000001,11.717677004197062,61.18265496101871,237295575171.103,2.6597744623809527,31.737862753919696,65.6068567665864,4.99527553740761,1209194965.485445,38.2555193177756,0.095,2695122.0,11570.0,Asia,145183732994.70074,75312543968.92902,27805529043.80149,6311527108.760994,69871189025.77173,88046.32041558898,232.9405358686257,4
Romania,ROU,2022,4.45997875758943,72.89222400000001,10.03560579390754,42.537070498551,301261582924.085,5.1441544809523805,49.4417318355938,28.8306111037402,13.795488743252,1353008806.431548,57.4508229416335,5.436,18956666.0,238393.8095238096,Europe,128147851913.46872,148948943952.99115,30233424870.74704,15497361217.37739,-20801092039.52243,15892.118525698825,79.5182812752808,9
Russian Federation,RUS,2022,3.90141771321053,76.292522,11.225775618302192,28.1889031982231,2240422438363.27,5.240591752857144,15.5852112162007,32.7935315983555,9.925565840704245,24726497010.037994,53.9762519415362,6.548636363636363,143555736.0,17098245.23809524,Europe,631550512381.4918,349174569154.0696,251504795832.75543,117411393534.02646,282375943227.42224,15606.638235362954,8.395933851747248,11
Rwanda,RWA,2022,24.8945979177306,71.791252,14.789393067359915,22.4837410421262,13312796765.2336,6.728098812380954,37.8912876190601,21.2347731182314,17.6892095588154,93706115.47337064,46.49382832159,13.009,13776698.0,26340.0,Africa,2993214750.159677,5044390112.455593,1968881841.8691733,895698121.0563719,-2051175362.295916,966.3271101125684,523.0333333333333,9
Samoa,WSM,2022,9.93777673675295,61.289418,14.807963307698566,12.2740977396287,832421565.372356,5.147312153333333,52.7499546985134,11.4317021877967,10.9618822286845,12363575558.824837,70.5320123588911,10.313,222382.0,2840.0,Oceania,102172236.53955022,439101998.6345739,123264679.96570852,42847336.40137886,-336929762.09502363,3743.2056792921912,78.30352112676056,9
San Marino,SMR,2022,0.016652475238958,62.709892,11.643476724624614,170.81246348470884,1659326030.942694,6.918663797142856,146.25703687480313,34.30434573872698,1.9284886250408,12363575558.824837,58.21151890052138,7.458547595773403,33660.0,60.0,Europe,2834335670.696258,2426881084.949064,193203240.19845,114803189.37939964,407454585.7471943,49296.67352770927,561.0,10
Sao Tome and Principe,STP,2022,13.0551195483414,44.533732,17.0863285064697,47.702334951628586,546680341.647274,7.9865958571428575,54.15520118836773,11.2561023977615,18.0056351122841,12363575558.824837,74.3126081141763,15.318,227380.0,960.0,Africa,154086630779.6377,151001996134.0112,93407599.05414411,43661149.51781561,3084634645.6265173,2404.2586931448413,236.85416666666663,9
Saudi Arabia,SAU,2022,2.40583960614005,63.082024,20.379313468933105,39.917844434711,1108148978218.49,4.402426996842105,23.2160667000708,53.3282752750557,2.47407371925372,4029968423.3217726,39.1989424681961,5.635,36408820.0,2149690.0,Asia,442349185230.0963,257268605919.3577,225833153973.9253,48785449782.32074,185080579310.73865,30436.27830340258,16.936776930627207,5
Senegal,SEN,2022,15.7433957967135,53.50106999999999,22.1659870147705,25.2532557616077,27684430244.4907,4.114836693333333,55.3944004332254,24.5403423696753,9.69681899081076,120449419.5926456,49.7083478024728,3.434,17316449.0,196710.0,Africa,6991219975.785112,15335624147.290138,6136527213.107006,1139169094.0405743,-8344404171.505026,1598.735990530778,88.03034416145596,5
Serbia,SRB,2022,6.75186421554444,73.31374400000001,9.44609498977661,63.4695888537167,63501748652.2968,8.607031322380953,74.1668021602078,23.113988082407,11.9815117344703,434179297.907935,52.4140196348087,9.473,6760087.0,88199.52380952382,Europe,40304298784.53336,47097216291.22139,5998435497.865144,5465615396.76281,-6792917506.688026,9393.628906299104,76.64539113157937,9
Seychelles,SYC,2022,2.86709902549377,60.83552000000001,10.6487627029419,111.456595122386,1588406479.15511,4.84011246952381,121.613343704704,13.4574098813545,6.052111503917646,5597994.498856821,66.2788785847653,7.458547595773403,100060.0,460.0,Africa,1770383778.3696575,1931714230.922691,169145636.72338194,76880660.0643106,-161330452.5530336,15874.540067510592,217.5217391304348,9
Sierra Leone,SLE,2022,53.50862836087049,47.18167,19.76843479701451,18.46031395997297,3970343852.31939,11.73723992809524,38.67204350970568,9.915985150067606,27.2082883814653,12363575558.824837,32.976048264705085,3.635,8605718.0,72300.0,Africa,732937940.4286451,1535413102.0538788,784874835.6630327,466008783.9171061,-802475161.6252337,461.3611382942585,119.02791147994468,1
Singapore,SGP,2022,0.0281098874392467,85.589466,13.2804718017578,186.552565489511,466788539651.836,3.654665446666666,150.309923551673,24.1569597688307,6.12106004039414,9572997342.70353,70.853309896514,2.758,5637022.0,708.8095238095239,Asia,870805996131.5234,701629497098.6455,61991720382.29911,17059559467.65558,169176499032.87793,82807.64908347634,7952.802284178703,10
Sint Maarten (Dutch part),SXM,2022,0.0913788942700645,61.26969371428571,14.267345616902563,97.59724037862968,1571564245.81006,6.191188366634045,99.91060820355392,9.771064941196768,2.27170032292361,12363575558.824837,72.85936841976616,7.458547595773403,43389.0,34.0,North America,1533803334.687843,1570159396.2984262,66009276596.85556,46703212159.75045,-36356061.61058307,36220.3380075609,1276.1470588235295,9
Slovak Republic,SVK,2022,2.21921150326608,75.21087,9.54606147039504,99.0644249463614,115468803971.543,6.764694304285714,104.828343223068,28.6285970061317,12.774146363761,792724675.9560803,58.3115321492914,6.094,5431752.0,49031.90476190476,Europe,114388506646.8504,121044034142.86066,11022723006.253445,7811111605.489806,-6655527496.010254,21258.1141354655,110.7799508580419,9
Slovenia,SVN,2022,1.71387111537047,75.88995800000001,11.233614492416375,90.3802923783053,62117768014.8563,8.321883569999999,88.7519209673857,29.0099929294703,8.8336988674945,1149889523.4217048,57.7688267687666,4.18,2108732.0,20387.14285714286,Europe,56142220350.70453,55130712375.24926,6978070590.082481,5169368330.479041,1011507975.4552687,29457.40284439004,103.43440543760072,9
Solomon Islands,SLB,2022,32.53043107585011,55.03578,25.104125022888194,25.7830726872351,1595710784.31373,5.828167154761905,47.9508922044576,14.068498196906267,5.51812928576933,12363575558.824837,47.13024951192891,1.543,724273.0,28900.0,Oceania,411423271.3976583,765157558.0811816,400589230.2978285,93000691.8163664,-353734286.68352336,2203.189659581028,25.061349480968858,1
Somalia,SOM,2022,10.029778261034568,20.116916,2.925256167139324,16.781839015235,8126105600.0,6.191188366634045,90.9239289235915,26.314817370570445,11.184434281508253,12363575558.824837,55.44930151833184,20.047,17597511.0,637660.0,Africa,1363709959.9999962,7388574479.999989,237709405.212254,46703212159.75045,-6024864519.999992,461.7758500051513,27.59701251450616,2
South Africa,ZAF,2022,2.57058644132083,66.137888,19.7500400543213,33.4438714086283,405869718462.343,7.584470907142857,31.4649784429281,24.4430925232425,7.03972661255875,2905711511.699373,62.6121248664358,29.806,59893885.0,1219090.0,Africa,135738546729.1077,127706819420.5492,80159431964.67384,30783070717.679028,8031727308.558502,6776.480077429324,49.12999450409732,8
South Sudan,SSD,2022,6.643711518267945,33.087096,4.581507460637528,47.68346927754142,14080606755.7446,6.105962037499999,30.927692535515263,49.25038343421488,-6.68732094212673,12363575558.824837,44.10590594309636,12.975,10913164.0,646883.0,Africa,6714121796.466898,4354806764.551681,645104049.0174706,859756503.1554255,2359315031.9152174,1290.2405531287352,16.870383052267567,3
Spain,ESP,2022,2.40831944348162,77.364102,10.284808522179008,41.5513281511377,1397509272054.48,8.478084404761905,40.1418724022461,20.7613849061267,8.39057634118639,16658882902.93764,67.7449009425005,13.009,47615034.0,505601.1526666668,Europe,580683663573.9327,560986388797.6676,143731152710.50098,118482015649.15248,19697274776.265137,29350.16852144808,94.17508988827738,12
Sri Lanka,LKA,2022,8.7492503434899,60.504324,10.805615234375,21.4841803323427,74403578363.4355,3.908927918571429,25.0350654136129,30.2676616423426,49.7211021114328,97767654.5574036,56.1090265808052,6.705,22181000.0,65610.0,Asia,15984998949.3164,18626984513.354813,8039764398.559528,2908382247.0645013,-2641985564.038412,3354.3834075756504,338.07346441091295,3
St. Kitts and Nevis,KNA,2022,1.31075138139252,54.772212,11.4885663986206,47.702334951628586,961563259.259259,4.959589005238096,54.15520118836773,20.8576250525379,2.66738842693209,12363575558.824837,68.0739481017947,7.458547595773403,47657.0,260.0,North America,154086630779.6377,151001996134.0112,110469833.50474031,47689585.68463129,3084634645.6265173,20176.74757662587,183.29615384615383,9
St. Lucia,LCA,2022,1.63929298477301,63.566652,12.6678876876831,47.702334951628586,2065027555.55556,5.041286740952382,54.15520118836773,10.4850183686904,6.37814695133366,12363575558.824837,70.2510578999717,17.362,179857.0,620.0,North America,154086630779.6377,151001996134.0112,261595371.4574861,104103960.35523552,3084634645.6265173,11481.496719925051,290.09193548387094,9
St. Martin (French part),MAF,2022,10.029778261034568,61.26969371428571,14.267345616902563,47.702334951628586,774398807.145189,6.191188366634045,54.15520118836773,26.314817370570445,11.184434281508253,12363575558.824837,55.44930151833184,7.458547595773403,31791.0,50.0,North America,154086630779.6377,151001996134.0112,66009276596.85556,46703212159.75045,3084634645.6265173,24359.05781967189,635.82,9
St. Vincent and the Grenadines,VCT,2022,4.66737485048475,57.016918,15.2270812988281,47.702334951628586,948558503.126378,4.109020017142857,54.15520118836773,14.713568785076,5.6600977922655,774687.7227356555,64.1332904773142,18.975,103948.0,390.0,North America,154086630779.6377,151001996134.0112,144437774.43800047,38976458.76777353,3084634645.6265173,9125.317496501886,266.53333333333336,9
Sudan,SDN,2022,5.03129205087995,45.639498,9.372645258903509,1.57116162619009,51662241775.2425,4.979621025714287,1.12767242781503,4.87140112447793,138.808460241759,164812886.58581156,6.44806765757999,18.73,46874204.0,2236748.571428572,Africa,811697318.002156,582580856.0905478,4842118654.390533,2572583853.7953258,229116461.91160825,1102.1465404562923,20.956402788741823,3
Suriname,SUR,2022,8.790105875857696,47.225936,14.11808572496686,52.09066087508784,3620655116.22074,5.373235236666666,45.42815672352032,32.84919306000977,52.4460272762409,12363575558.824837,47.98291832845077,8.639,618040.0,163820.0,South America,1886023178.0470629,1644796880.6149142,511167193.11344254,194546316.50294724,241226297.4321487,5858.286059511908,3.772677328775485,3
Sweden,SWE,2022,1.40702450890398,81.99354600000001,13.936792873200927,52.5863535243361,585939170123.856,9.511860415,50.1589515005562,23.7159519811229,8.36929098869187,19663103876.205368,63.8653630168792,7.358,10486941.0,478327.3997142857,Europe,308124043438.892,293900944165.1864,81661128503.11423,55733715978.99057,14223099273.705627,55873.22081089766,21.924190431624982,12
Switzerland,CHE,2022,0.612466697790267,76.53843200000001,15.4226313999721,74.9747084171617,807706035351.75,10.318886348571429,62.6969650747618,24.1966993419692,2.83502798644453,22581672059.305668,72.3867299960086,4.202,8769741.0,41290.11142857144,Europe,605575244872.7915,506407170891.2299,124569524627.62875,83346267818.49925,99168073981.56158,92101.4697414382,212.39325098870088,12
Syrian Arab Republic,SYR,2022,26.889821208514874,41.84539,18.46102237701416,25.84485739613517,89712721383.8878,3.938598430769231,35.02139764073808,26.18850410014258,7.303428963089194,17610607.203379314,46.92167093260973,9.61,22125249.0,185180.0,Asia,23186124907.85786,31418648890.17881,16561885569.707888,3533423836.6261773,-8232523982.32095,4054.7666326326,119.47969003132089,1
Tajikistan,TJK,2022,21.610535960573227,55.25536,18.7470512390137,33.401688064062824,10492123387.7931,5.903331506666667,62.1689533801972,29.39925696225881,11.18745334177449,9852208.878579944,38.93617140982455,7.828,9952787.0,142159.80952380953,Asia,3504546325.287232,6522843297.54986,1966963747.5701127,619384825.6699322,-3018296972.262628,1054.1894835881749,70.01125728388843,5
Tanzania,TZA,2022,24.2690328195345,53.258976,14.3321094512939,15.4213759945808,75709289056.4457,4.870609170476191,19.5994834684814,27.6985792564661,4.35027204269101,308452257.9800289,30.6372928211043,2.762,65497748.0,947300.0,Africa,11675414128.218504,14838629592.722872,10850738172.36627,3687503575.68557,-3163215464.504368,1155.906750510654,69.14150533094057,1
Thailand,THA,2022,8.82214919869571,76.561156,14.6416454315186,65.7850237025769,495340592811.188,3.510772512380952,68.1284090627737,34.994780423681,6.07741228434321,2266761119.087924,56.1830703776232,0.862,71697030.0,513120.0,Asia,325859926389.3249,337467665324.3744,72526013277.79646,17390281375.080048,-11607738935.0495,6908.802119295429,139.72760757717492,5
Timor-Leste,TLS,2022,22.629997058835546,38.912656,7.538520915167671,11.46990523498037,3163324631.03158,6.561944670555556,98.17306163265856,16.422466421544616,4.843521555257063,12363575558.824837,60.81786369010983,4.864,1341296.0,14870.0,Asia,362830337.4541147,3105532639.663702,238467888.92496625,207575612.038348,-2742702302.209587,2358.409054400804,90.20147948890384,2
Togo,TGO,2022,18.3225486907946,52.26852,14.4758195877075,24.951196950242,8126439480.61302,4.407228117619049,34.8615428431708,20.4893653288684,7.96757361617946,19626434.740744904,51.3362562664333,4.066,8848699.0,56790.0,Africa,2027643919.8499773,2833002181.158255,1176368718.1177752,358150725.75087243,-805358261.3082776,918.376755793481,155.81438633562246,2
Tonga,TON,2022,17.30338857232952,61.41762200000001,11.9402980804443,17.234402022437592,360296015.4321993,4.470442226666667,58.72722367471777,16.57944016430325,10.9713652903022,12363575558.824837,51.6006674572001,3.011,106858.0,750.0,Oceania,62094863.77040901,211591846.87396336,43020418.2145682,16106825.214878488,-149496983.10355434,3371.727109174786,142.47733333333332,2
Trinidad and Tobago,TTO,2022,0.8322051972087802,61.247642,9.05965518951416,47.702334951628586,27899082337.3688,5.175826310952381,54.15520118836773,47.78093388038295,5.135099224559095,22203624.24273402,50.50148837000284,3.982,1531044.0,5130.0,North America,154086630779.6377,151001996134.0112,2527560660.804261,1444008044.131803,3084634645.6265173,18222.260325221745,298.44912280701755,4
Tunisia,TUN,2022,10.0883428808061,66.25694000000001,24.79393890925817,48.1888534060322,46664948951.6571,5.650227477619048,59.2066147422182,22.9781213334254,8.30646124447628,308241433.19856966,60.3230036579474,16.124,12356117.0,163610.0,Africa,22487303842.3138,27628736545.46041,11570078935.11037,2636675768.0834312,-5141432703.14661,3776.667779340152,75.52177128537376,8
Turkiye,TUR,2022,6.46046479706226,72.29630399999999,10.527720255010264,37.8940143381867,905987824096.127,4.712369192857143,42.603940273982,31.8732802074889,72.3088359891207,6808563227.276999,51.1971218593943,10.03,85341241.0,785350.0,Europe,343315155965.21204,385986511467.4631,95379863665.29472,42693491113.742645,-42671355502.25104,10616.06104481334,108.6665066530846,3
Turkmenistan,TKM,2022,13.91970836746027,61.26969371428571,23.93471972147623,38.85840627051593,24021051250.836742,4.591492449047619,35.919384293695,49.42215420565957,11.184434281508253,12363575558.824837,35.81549507726352,5.019,6430770.0,488100.0,Asia,9334197685.498993,8628213710.173481,5749371291.039935,1102924754.364028,705983975.3255119,3735.330489325034,13.175107559926245,5
Turks and Caicos Islands,TCA,2022,0.7521571027030078,61.26969371428571,10.7097187042236,47.702334951628586,1138808881.1,6.191188366634045,54.15520118836773,13.7293605013834,11.184434281508253,12363575558.824837,77.22862706890065,7.458547595773403,45703.0,950.0,North America,154086630779.6377,151001996134.0112,121963227.7445262,46703212159.75045,3084634645.6265173,24917.595805526988,48.10842105263158,9
Tuvalu,TUV,2022,19.761639118773022,61.26969371428571,14.267345616902563,47.702334951628586,60349391.0988033,14.723953564761905,54.15520118836773,7.94132202297704,0.500580743152696,12363575558.824837,55.44930151833184,7.458547595773403,11312.0,30.0,Oceania,154086630779.6377,151001996134.0112,66009276596.85556,8885816.32200435,3084634645.6265173,5334.988604915426,377.06666666666666,1
Uganda,UGA,2022,24.0609380133746,58.032602,8.48236465454102,12.0000181567337,45559202048.7345,5.24188011,22.4659862553634,26.7825305301793,7.19578885975806,130857873.8715826,41.5851967172161,4.28,47249585.0,241550.0,Africa,5467112517.911132,10235324070.321932,3864497651.472783,2388158750.467326,-4768211552.4108,964.224385224431,195.60995653073897,2
Ukraine,UKR,2022,8.22220569798506,67.394152,13.718567328019583,35.4566186119589,160502739236.097,6.689784207619048,52.2502479277708,19.2438569007911,20.1836366617479,1210586573.7038915,60.7706604549234,8.650454545454545,38000000.0,603550.0,Europe,56908844112.68983,83863079181.72414,22018676345.419662,10737286902.212397,-26954235069.03431,4223.756295686762,62.96081517687018,9
United Arab Emirates,ARE,2022,1.114786154810008,79.07232200000001,6.92843818664551,81.41557282675203,507534921715.453,3.3475038261904766,61.85237067035503,50.2876415133203,4.82788859594433,5132845620.181764,48.5975610175276,2.754,9441129.0,98647.89999999998,Asia,413212463810.44354,313922381060.93823,35164243326.69484,16989750923.67763,99290082749.50533,53757.86325083081,95.7053216540849,4
United Kingdom,GBR,2022,0.709486608666053,83.39890599999998,12.803906622387112,32.7226463308604,3070667732359.21,9.332586959545456,36.2003951449039,17.8609992301017,7.92204883147916,49698372900.83007,70.9539594370349,3.571,66971411.0,243610.0,Europe,1004803742055.7554,1111593852701.0942,393165429135.0451,286572736361.1258,-106790110645.33888,45850.42612226297,274.9124050736834,12
United States,USA,2022,1.0607049833558877,83.668618,14.404179659756757,11.468218493856972,25462700000000.0,15.575834274285718,15.215216523787891,19.743834790787776,8.00279982052117,702603669389.7815,75.64113524277082,3.611,333287557.0,9755517.61904762,North America,2920118070435.32,3874204937802.54,3667693054224.884,3966027953758.549,-954086867367.2202,76398.59174220536,34.16400543926619,7
Uruguay,URY,2022,7.27127564555905,60.960204,15.3661575317383,31.3222324102825,71177146197.4951,8.530693462857144,25.8693052497212,17.5828121331291,9.10437983075442,256364062.55449525,63.1734124355624,7.841,3422794.0,176220.0,South America,22294271154.98597,18413033217.87033,10937192411.302774,6071904157.717987,3881237937.115639,20795.042353555345,19.42341391442515,9
Uzbekistan,UZB,2022,23.465394778244,65.602968,21.8510189056396,27.269361157999,80391853884.764,5.090767566666667,44.309583862345,31.0946842977803,11.4466436998836,162438631.50979236,38.16879509934747,6.006,35648100.0,445480.4285714286,Asia,21922344977.447147,35621295915.56336,17566439190.953945,4092562423.807624,-13698950938.116217,2255.151154893641,80.02169728155445,5
Vanuatu,VUT,2022,21.812768365304464,60.588982,22.47008354013616,15.2402488275716,983582864.560796,3.499415318095239,54.4323511037984,9.251260982299598,2.5111782625603087,12363575558.824837,61.82161550063061,2.089,326740.0,12190.0,Oceania,149900475.98442188,535387278.2345304,221011891.3532752,34419649.428600445,-385486802.2501085,3010.29217286159,26.803937653814604,5
"Venezuela, RB",VEN,2022,4.424233113390844,31.532608,18.579773267110166,29.01796048930816,245229642866.1132,6.005379415714286,21.542558132562704,47.05470356583567,72.74028896000763,596572606.1724952,41.75802612392874,5.328,28301696.0,912050.0,South America,71160640874.96024,52828738372.70835,45563111628.267845,14726970493.91122,18331902502.251884,8664.839127171503,31.030860150211065,3
Vietnam,VNM,2022,11.8771079332907,66.64131,15.4493446350098,68.46738702426396,408802379068.229,4.416428612380953,71.04067063788885,38.2592736124302,3.15650749963111,1537335410.4432583,41.3362236840725,1.923,98186856.0,330704.0,Asia,279896307041.04297,290415951673.7145,63157288418.369865,18054465237.26331,-10519644632.671509,4163.514300409303,296.902535197639,5
Virgin Islands (U.S.),VIR,2022,10.029778261034568,61.26969371428571,14.267345616902563,171.52570411803612,4004210526.3157897,6.191188366634045,174.9851111869713,26.314817370570445,11.184434281508253,1507718.7438152323,55.44930151833184,12.382,105413.0,350.0,North America,6868250299.631679,7006772241.634093,66009276596.85556,46703212159.75045,-138521942.0024147,37985.92703286871,301.18,10
West Bank and Gaza,PSE,2022,8.387658652288387,57.71581,16.889268112182616,18.5418508887133,19111900000.0,6.191188366634045,67.3590799449558,19.10197021908301,2.5348249363175763,58051631.76105918,59.43477928981685,25.724,5043612.0,6020.0,Asia,3543699999.999997,12873600000.000008,3227860032.3322296,46703212159.75045,-9329900000.000011,3789.327965751529,837.8093023255814,8
"Yemen, Rep.",YEM,2022,12.946454606547656,32.668556,19.97123177846273,18.67862808094836,24749915341.726025,5.1999947725,38.33498233139744,38.52936701358436,11.113982041327915,12363575558.824837,31.51291714311201,13.59,33696614.0,527970.0,Asia,4622944637.030583,9487875673.286491,4942862957.869411,1286994303.967929,-4864931036.255908,734.4926508558405,63.82297100214027,3
Zambia,ZMB,2022,3.3886579566561,63.517218,10.4478139877319,38.431952933434,29784454055.9391,5.200251567619048,27.1569319711305,33.8334552417652,10.9932039209136,20209346.94994304,57.9883721160727,6.131,20017675.0,752610.0,Africa,11446747364.258787,8088543925.944,3111824357.025986,1548866538.9507482,3358203438.314787,1487.9077643102455,26.59767342979764,2
Zimbabwe,ZWE,2022,12.069543094973431,49.833418,22.83798472086589,28.90891912215194,20678055597.7345,6.704906527272729,39.54024261040035,26.204944497226805,104.705170628667,12363575558.824837,57.8249271979553,7.945,16320537.0,390760.0,Africa,5977802368.782679,8176153350.457691,4722451177.982759,1386444299.4855845,-2198350981.6750126,1266.99603069032,41.76614034189784,3
